n,n1,n2,n1_frac,K,r,R0_1,R0_2,drop,TV_piece_vs_avg,KL_piece_vs_avg,MAP_piece,MAP_avg,MAP_changed
50,2,48,0.04,2000,0.05,3.0,2.7,0.1,7.179762422093727e-08,6.175617337012541e-08,50,50,False
50,2,48,0.04,2000,0.05,3.0,2.4000000000000004,0.2,2.989168066680481e-07,8.049193384978676e-07,50,50,False
50,2,48,0.04,2000,0.05,3.0,2.0999999999999996,0.3,4.1044879378268617e-07,1.2317098483002665e-06,50,50,False
50,2,48,0.04,2000,0.05,3.0,1.7999999999999998,0.4,6.965522368063137e-07,1.4546557005040276e-06,50,50,False
50,2,48,0.04,2000,0.05,3.0,1.5,0.5,1.2235174830094175e-06,3.428616037960211e-07,50,50,False
50,2,48,0.04,2000,0.05,3.0,1.2000000000000002,0.6,2.5403656791350704e-06,8.868016056369346e-07,50,50,False
50,2,48,0.04,2000,0.05,3.0,0.9000000000000001,0.7,5.229754557752042e-06,1.298430731329887e-07,50,50,False
50,2,48,0.04,2000,0.05,3.0,0.5999999999999999,0.8,1.358129595751753e-05,3.341294816040637e-07,50,50,False
50,2,48,0.04,2000,0.1,3.0,2.7,0.1,2.665777192323304e-07,7.129912085410298e-08,50,50,False
50,2,48,0.04,2000,0.1,3.0,2.4000000000000004,0.2,8.357053198661257e-07,8.076053687055985e-09,50,50,False
50,2,48,0.04,2000,0.1,3.0,2.0999999999999996,0.3,2.4344032848212793e-06,5.3412742279692655e-08,50,50,False
50,2,48,0.04,2000,0.1,3.0,1.7999999999999998,0.4,5.529614911953598e-06,9.160809887226653e-08,50,50,False
50,2,48,0.04,2000,0.1,3.0,1.5,0.5,1.1240768290489422e-05,1.3843417042105496e-06,50,50,False
50,2,48,0.04,2000,0.1,3.0,1.2000000000000002,0.6,2.1825900888406574e-05,1.9962677143420305e-07,50,50,False
50,2,48,0.04,2000,0.1,3.0,0.9000000000000001,0.7,4.203191870663929e-05,2.694998937637197e-08,50,50,False
50,2,48,0.04,2000,0.1,3.0,0.5999999999999999,0.8,9.561670759888462e-05,3.8897927521130624e-08,50,50,False
50,2,48,0.04,2000,0.2,3.0,2.7,0.1,1.3613158921232937e-06,6.771619058709439e-08,50,50,False
50,2,48,0.04,2000,0.2,3.0,2.4000000000000004,0.2,6.126837755462619e-06,2.486689252018849e-08,50,50,False
50,2,48,0.04,2000,0.2,3.0,2.0999999999999996,0.3,1.5773559426105442e-05,1.1223087131121963e-08,50,50,False
50,2,48,0.04,2000,0.2,3.0,1.7999999999999998,0.4,3.241107288438428e-05,3.135357178480616e-08,50,50,False
50,2,48,0.04,2000,0.2,3.0,1.5,0.5,6.0335206201896606e-05,1.1104642221313924e-07,49,49,False
50,2,48,0.04,2000,0.2,3.0,1.2000000000000002,0.6,0.00010397434672888275,9.057504556150961e-08,49,49,False
50,2,48,0.04,2000,0.2,3.0,0.9000000000000001,0.7,0.00016571358496091917,1.3451633159307743e-07,49,49,False
50,2,48,0.04,2000,0.2,3.0,0.5999999999999999,0.8,0.00032166979951296724,6.950074891086367e-07,48,48,False
50,2,48,0.04,2000,0.5,3.0,2.7,0.1,7.186313628046556e-06,1.9833146697874644e-09,46,46,False
50,2,48,0.04,2000,0.5,3.0,2.4000000000000004,0.2,3.2050531337848766e-05,4.5036108269001255e-09,46,46,False
50,2,48,0.04,2000,0.5,3.0,2.0999999999999996,0.3,8.075897210770011e-05,1.448517134650852e-07,45,45,False
50,2,48,0.04,2000,0.5,3.0,1.7999999999999998,0.4,0.00016505084168118127,1.094617543065365e-07,44,44,False
50,2,48,0.04,2000,0.5,3.0,1.5,0.5,0.0002976270789628186,3.4776467419114553e-07,43,43,False
50,2,48,0.04,2000,0.5,3.0,1.2000000000000002,0.6,0.0005029248488062979,1.009040567090942e-06,41,41,False
50,2,48,0.04,2000,0.5,3.0,0.9000000000000001,0.7,0.000847147649649771,2.823332626292028e-06,38,38,False
50,2,48,0.04,2000,0.5,3.0,0.5999999999999999,0.8,0.0014197552238215394,8.12676697318752e-06,32,32,False
50,5,45,0.1,2000,0.05,3.0,2.7,0.1,2.9395306678538236e-07,3.3613025460354094e-07,50,50,False
50,5,45,0.1,2000,0.05,3.0,2.4000000000000004,0.2,6.765270453290562e-07,2.87522642862471e-06,50,50,False
50,5,45,0.1,2000,0.05,3.0,2.0999999999999996,0.3,7.80542483092006e-07,2.245085310225914e-06,50,50,False
50,5,45,0.1,2000,0.05,3.0,1.7999999999999998,0.4,1.212832310748535e-06,1.1881267436943464e-07,50,50,False
50,5,45,0.1,2000,0.05,3.0,1.5,0.5,2.5740494102033384e-06,6.629361381127939e-08,50,50,False
50,5,45,0.1,2000,0.05,3.0,1.2000000000000002,0.6,5.720031866201375e-06,8.880489344465177e-07,50,50,False
50,5,45,0.1,2000,0.05,3.0,0.9000000000000001,0.7,1.2548250651510644e-05,7.172352765381752e-07,50,50,False
50,5,45,0.1,2000,0.05,3.0,0.5999999999999999,0.8,3.223764478186772e-05,1.0366157735442643e-06,50,50,False
50,5,45,0.1,2000,0.1,3.0,2.7,0.1,3.770207815719656e-07,9.343773429215382e-08,50,50,False
50,5,45,0.1,2000,0.1,3.0,2.4000000000000004,0.2,2.0845082868287124e-06,1.2255186772943332e-07,50,50,False
50,5,45,0.1,2000,0.1,3.0,2.0999999999999996,0.3,5.677322826269995e-06,7.810593770439343e-08,50,50,False
50,5,45,0.1,2000,0.1,3.0,1.7999999999999998,0.4,1.3012727701216305e-05,2.4822399455772954e-06,50,50,False
50,5,45,0.1,2000,0.1,3.0,1.5,0.5,2.6555754651675506e-05,2.766577541572543e-07,50,50,False
50,5,45,0.1,2000,0.1,3.0,1.2000000000000002,0.6,5.221724089324656e-05,1.82738408627645e-07,50,50,False
50,5,45,0.1,2000,0.1,3.0,0.9000000000000001,0.7,0.00010102698143327725,1.265202719682128e-07,50,50,False
50,5,45,0.1,2000,0.1,3.0,0.5999999999999999,0.8,0.00023187740263201813,1.9050343109822403e-07,50,50,False
50,5,45,0.1,2000,0.2,3.0,2.7,0.1,3.0526146944350526e-06,1.20415138199014e-08,50,50,False
50,5,45,0.1,2000,0.2,3.0,2.4000000000000004,0.2,1.428177523044201e-05,5.929169808320363e-07,50,50,False
50,5,45,0.1,2000,0.2,3.0,2.0999999999999996,0.3,3.7637168593593166e-05,4.38737219793111e-08,50,50,False
50,5,45,0.1,2000,0.2,3.0,1.7999999999999998,0.4,7.801360564047531e-05,5.0181038053459634e-08,50,50,False
50,5,45,0.1,2000,0.2,3.0,1.5,0.5,0.00014547366291860642,2.4692785823933526e-07,49,49,False
50,5,45,0.1,2000,0.2,3.0,1.2000000000000002,0.6,0.0002556448257618922,2.7922500707899724e-07,49,49,False
50,5,45,0.1,2000,0.2,3.0,0.9000000000000001,0.7,0.0004109494361226322,7.044014104160543e-07,49,49,False
50,5,45,0.1,2000,0.2,3.0,0.5999999999999999,0.8,0.0008058457805361682,2.251720131065554e-06,48,48,False
50,5,45,0.1,2000,0.5,3.0,2.7,0.1,1.6917825391390626e-05,7.187714921423423e-09,46,46,False
50,5,45,0.1,2000,0.5,3.0,2.4000000000000004,0.2,7.576386408761696e-05,3.1745087208790043e-08,46,46,False
50,5,45,0.1,2000,0.5,3.0,2.0999999999999996,0.3,0.00019348346650375353,1.8671721209854002e-07,45,45,False
50,5,45,0.1,2000,0.5,3.0,1.7999999999999998,0.4,0.0003957196561069111,6.228578125646028e-07,44,44,False
50,5,45,0.1,2000,0.5,3.0,1.5,0.5,0.0007177609540468707,2.044907026454818e-06,43,43,False
50,5,45,0.1,2000,0.5,3.0,1.2000000000000002,0.6,0.0012376612557342959,6.002629402622157e-06,41,41,False
50,5,45,0.1,2000,0.5,3.0,0.9000000000000001,0.7,0.002056350114498069,1.6944799594995578e-05,39,39,False
50,5,45,0.1,2000,0.5,3.0,0.5999999999999999,0.8,0.003499992341005509,4.921868433634456e-05,33,33,False
50,10,40,0.2,2000,0.05,3.0,2.7,0.1,4.386610052801998e-07,7.708286990023756e-07,50,50,False
50,10,40,0.2,2000,0.05,3.0,2.4000000000000004,0.2,6.921428346018388e-07,2.943827189044369e-06,50,50,False
50,10,40,0.2,2000,0.05,3.0,2.0999999999999996,0.3,9.644357656796165e-07,6.767373568781689e-07,50,50,False
50,10,40,0.2,2000,0.05,3.0,1.7999999999999998,0.4,2.1006709875343033e-06,3.9126888579002833e-07,50,50,False
50,10,40,0.2,2000,0.05,3.0,1.5,0.5,4.650330472148051e-06,1.5673347748154026e-07,50,50,False
50,10,40,0.2,2000,0.05,3.0,1.2000000000000002,0.6,1.0855177534071364e-05,5.577238118540934e-06,50,50,False
50,10,40,0.2,2000,0.05,3.0,0.9000000000000001,0.7,2.2898822809678393e-05,3.3159087002656157e-06,50,50,False
50,10,40,0.2,2000,0.05,3.0,0.5999999999999999,0.8,5.861658395859941e-05,1.1539785392369995e-06,50,50,False
50,10,40,0.2,2000,0.1,3.0,2.7,0.1,8.137147892925412e-07,1.9720685240759365e-07,50,50,False
50,10,40,0.2,2000,0.1,3.0,2.4000000000000004,0.2,3.6007911144299396e-06,5.706655881477187e-08,50,50,False
50,10,40,0.2,2000,0.1,3.0,2.0999999999999996,0.3,1.0291738906445524e-05,1.9860692554498748e-07,50,50,False
50,10,40,0.2,2000,0.1,3.0,1.7999999999999998,0.4,2.3484379102774178e-05,2.9759966867084016e-06,50,50,False
50,10,40,0.2,2000,0.1,3.0,1.5,0.5,4.845150810521212e-05,2.0140858856809775e-06,50,50,False
50,10,40,0.2,2000,0.1,3.0,1.2000000000000002,0.6,9.627787177092853e-05,1.6791684538075796e-07,50,50,False
50,10,40,0.2,2000,0.1,3.0,0.9000000000000001,0.7,0.0001904637567342578,2.4688101190741365e-07,50,50,False
50,10,40,0.2,2000,0.1,3.0,0.5999999999999999,0.8,0.0004356874035782079,1.277959055479721e-06,50,50,False
50,10,40,0.2,2000,0.2,3.0,2.7,0.1,5.579898743204338e-06,7.817056244963991e-08,50,50,False
50,10,40,0.2,2000,0.2,3.0,2.4000000000000004,0.2,2.582331689520616e-05,1.9644940548205566e-07,50,50,False
50,10,40,0.2,2000,0.2,3.0,2.0999999999999996,0.3,6.88509854834974e-05,5.400942143791689e-08,50,50,False
50,10,40,0.2,2000,0.2,3.0,1.7999999999999998,0.4,0.00014506176304829635,1.2375465682361612e-07,50,50,False
50,10,40,0.2,2000,0.2,3.0,1.5,0.5,0.0002708923640277962,3.034085872401595e-07,49,49,False
50,10,40,0.2,2000,0.2,3.0,1.2000000000000002,0.6,0.0004912276616818893,8.847626121309834e-07,49,49,False
50,10,40,0.2,2000,0.2,3.0,0.9000000000000001,0.7,0.0008075884233087797,2.5932409638036594e-06,49,49,False
50,10,40,0.2,2000,0.2,3.0,0.5999999999999999,0.8,0.001571817290112285,8.506357412324376e-06,48,48,False
50,10,40,0.2,2000,0.5,3.0,2.7,0.1,3.053695805539658e-05,7.553933449362213e-08,46,46,False
50,10,40,0.2,2000,0.5,3.0,2.4000000000000004,0.2,0.0001364117619601854,1.1071566061466143e-07,46,46,False
50,10,40,0.2,2000,0.5,3.0,2.0999999999999996,0.3,0.00035531100376938983,7.369154373884922e-07,45,45,False
50,10,40,0.2,2000,0.5,3.0,1.7999999999999998,0.4,0.0007239146922576704,2.1190548868748552e-06,45,45,False
50,10,40,0.2,2000,0.5,3.0,1.5,0.5,0.0013398404389050253,7.189267779282196e-06,44,44,False
50,10,40,0.2,2000,0.5,3.0,1.2000000000000002,0.6,0.0023563074908168197,2.1719334822213446e-05,42,42,False
50,10,40,0.2,2000,0.5,3.0,0.9000000000000001,0.7,0.0040001974741654504,6.276851878703605e-05,40,40,False
50,10,40,0.2,2000,0.5,3.0,0.5999999999999999,0.8,0.00684982358772146,0.00018571052604190427,35,35,False
50,25,25,0.5,2000,0.05,3.0,2.7,0.1,6.808422956250393e-07,2.80209089494111e-06,50,50,False
50,25,25,0.5,2000,0.05,3.0,2.4000000000000004,0.2,8.770167146676666e-07,3.5858521433974486e-06,50,50,False
50,25,25,0.5,2000,0.05,3.0,2.0999999999999996,0.3,1.5670658477240362e-06,1.9015811856883519e-06,50,50,False
50,25,25,0.5,2000,0.05,3.0,1.7999999999999998,0.4,3.386489544664813e-06,8.468022184665115e-07,50,50,False
50,25,25,0.5,2000,0.05,3.0,1.5,0.5,7.716262028570342e-06,3.1502969612851465e-06,50,50,False
50,25,25,0.5,2000,0.05,3.0,1.2000000000000002,0.6,1.6480102300139854e-05,1.1780039369928364e-06,50,50,False
50,25,25,0.5,2000,0.05,3.0,0.9000000000000001,0.7,3.6821464838136114e-05,1.6642798413159928e-06,50,50,False
50,25,25,0.5,2000,0.05,3.0,0.5999999999999999,0.8,9.853510998571635e-05,2.016622859129666e-06,50,50,False
50,25,25,0.5,2000,0.1,3.0,2.7,0.1,1.2158505037357381e-06,3.156013155984535e-07,50,50,False
50,25,25,0.5,2000,0.1,3.0,2.4000000000000004,0.2,5.940903795628033e-06,6.917128258295425e-07,50,50,False
50,25,25,0.5,2000,0.1,3.0,2.0999999999999996,0.3,1.6627348675232745e-05,2.9803017479773894e-06,50,50,False
50,25,25,0.5,2000,0.1,3.0,1.7999999999999998,0.4,3.852129096003354e-05,4.6623174151750804e-06,50,50,False
50,25,25,0.5,2000,0.1,3.0,1.5,0.5,8.143704764900688e-05,2.6302455907169323e-06,50,50,False
50,25,25,0.5,2000,0.1,3.0,1.2000000000000002,0.6,0.00016813255474928783,9.189704389127887e-07,50,50,False
50,25,25,0.5,2000,0.1,3.0,0.9000000000000001,0.7,0.0003537971223671124,1.1978026025343013e-06,50,50,False
50,25,25,0.5,2000,0.1,3.0,0.5999999999999999,0.8,0.0007934788627768433,3.3443321031224145e-06,50,50,False
50,25,25,0.5,2000,0.2,3.0,2.7,0.1,8.746582341548695e-06,1.7455737596453595e-08,50,50,False
50,25,25,0.5,2000,0.2,3.0,2.4000000000000004,0.2,4.212825963544804e-05,7.583836477793456e-07,50,50,False
50,25,25,0.5,2000,0.2,3.0,2.0999999999999996,0.3,0.00011617591744757672,6.472382678348199e-08,50,50,False
50,25,25,0.5,2000,0.2,3.0,1.7999999999999998,0.4,0.0002576299466554117,2.716662080279374e-07,50,50,False
50,25,25,0.5,2000,0.2,3.0,1.5,0.5,0.0005101112909941613,1.189860992051599e-06,50,50,False
50,25,25,0.5,2000,0.2,3.0,1.2000000000000002,0.6,0.0009525459349713505,3.2867806283764156e-06,49,49,False
50,25,25,0.5,2000,0.2,3.0,0.9000000000000001,0.7,0.0018175790454567822,1.0706464009830208e-05,49,49,False
50,25,25,0.5,2000,0.2,3.0,0.5999999999999999,0.8,0.003312634928821891,4.0182702996059087e-05,49,49,False
50,25,25,0.5,2000,0.5,3.0,2.7,0.1,4.971106767018979e-05,5.645936095462749e-08,46,46,False
50,25,25,0.5,2000,0.5,3.0,2.4000000000000004,0.2,0.00022655031618524363,1.194507579939887e-06,46,46,False
50,25,25,0.5,2000,0.5,3.0,2.0999999999999996,0.3,0.0006158923178861964,1.7951281987669697e-06,46,46,False
50,25,25,0.5,2000,0.5,3.0,1.7999999999999998,0.4,0.0013328023161911923,8.089796886618348e-06,45,45,False
50,25,25,0.5,2000,0.5,3.0,1.5,0.5,0.002533490955716273,2.619702400840661e-05,45,45,False
50,25,25,0.5,2000,0.5,3.0,1.2000000000000002,0.6,0.004716978471994263,8.671527729491857e-05,44,44,False
50,25,25,0.5,2000,0.5,3.0,0.9000000000000001,0.7,0.008414326965408659,0.0002760724322123661,42,42,False
50,25,25,0.5,2000,0.5,3.0,0.5999999999999999,0.8,0.015367801589265206,0.0008996454713129952,39,39,False
50,40,10,0.8,2000,0.05,3.0,2.7,0.1,4.3058169656856604e-07,1.546781945962795e-06,50,50,False
50,40,10,0.8,2000,0.05,3.0,2.4000000000000004,0.2,8.12779187772672e-07,3.5934960638496026e-06,50,50,False
50,40,10,0.8,2000,0.05,3.0,2.0999999999999996,0.3,9.973954763868587e-07,1.2998840776787705e-06,50,50,False
50,40,10,0.8,2000,0.05,3.0,1.7999999999999998,0.4,2.5552650299021096e-06,3.753968253364748e-06,50,50,False
50,40,10,0.8,2000,0.05,3.0,1.5,0.5,5.1749209972543064e-06,4.017672869563816e-06,50,50,False
50,40,10,0.8,2000,0.05,3.0,1.2000000000000002,0.6,1.1157901333110065e-05,5.211785342274714e-06,50,50,False
50,40,10,0.8,2000,0.05,3.0,0.9000000000000001,0.7,2.506012194422591e-05,1.2096711967327603e-06,50,50,False
50,40,10,0.8,2000,0.05,3.0,0.5999999999999999,0.8,6.780294656915514e-05,2.2832798626475133e-06,50,50,False
50,40,10,0.8,2000,0.1,3.0,2.7,0.1,8.874173332389101e-07,4.1111256844340854e-07,50,50,False
50,40,10,0.8,2000,0.1,3.0,2.4000000000000004,0.2,3.967879979239336e-06,2.220271867978339e-06,50,50,False
50,40,10,0.8,2000,0.1,3.0,2.0999999999999996,0.3,1.1217769837947728e-05,1.7768708628998711e-06,50,50,False
50,40,10,0.8,2000,0.1,3.0,1.7999999999999998,0.4,2.610745885932731e-05,6.104428838945682e-06,50,50,False
50,40,10,0.8,2000,0.1,3.0,1.5,0.5,5.62361178847795e-05,2.417133451274073e-06,50,50,False
50,40,10,0.8,2000,0.1,3.0,1.2000000000000002,0.6,0.00012006289092765868,5.259202984479348e-07,50,50,False
50,40,10,0.8,2000,0.1,3.0,0.9000000000000001,0.7,0.0002681203879959697,6.473493460211282e-06,50,50,False
50,40,10,0.8,2000,0.1,3.0,0.5999999999999999,0.8,0.0006754375272747005,8.84456346531763e-06,50,50,False
50,40,10,0.8,2000,0.2,3.0,2.7,0.1,5.703412436297919e-06,5.771003318011403e-07,50,50,False
50,40,10,0.8,2000,0.2,3.0,2.4000000000000004,0.2,2.810884088237566e-05,8.934357301115716e-07,50,50,False
50,40,10,0.8,2000,0.2,3.0,2.0999999999999996,0.3,8.009727310135523e-05,6.882072776692895e-07,50,50,False
50,40,10,0.8,2000,0.2,3.0,1.7999999999999998,0.4,0.00018584172113883784,9.596493073553078e-07,50,50,False
50,40,10,0.8,2000,0.2,3.0,1.5,0.5,0.00039379574904796976,1.4210425569576718e-06,50,50,False
50,40,10,0.8,2000,0.2,3.0,1.2000000000000002,0.6,0.000807894449607534,2.4371219372846956e-06,50,50,False
50,40,10,0.8,2000,0.2,3.0,0.9000000000000001,0.7,0.0016683823983494172,1.0281122188217232e-05,50,50,False
50,40,10,0.8,2000,0.2,3.0,0.5999999999999999,0.8,0.0037886549938189458,4.6729387362257416e-05,50,50,False
50,40,10,0.8,2000,0.5,3.0,2.7,0.1,3.312166590943924e-05,2.641567965006849e-07,47,47,False
50,40,10,0.8,2000,0.5,3.0,2.4000000000000004,0.2,0.0001603147631516963,5.002802340734667e-07,46,46,False
50,40,10,0.8,2000,0.5,3.0,2.0999999999999996,0.3,0.0004444214559375624,1.3391315050891484e-06,46,46,False
50,40,10,0.8,2000,0.5,3.0,1.7999999999999998,0.4,0.0009853807030492726,6.4983284330989184e-06,46,46,False
50,40,10,0.8,2000,0.5,3.0,1.5,0.5,0.002100652512407112,1.8847082719305883e-05,46,46,False
50,40,10,0.8,2000,0.5,3.0,1.2000000000000002,0.6,0.0042112916491299085,7.246985504673705e-05,45,46,True
50,40,10,0.8,2000,0.5,3.0,0.9000000000000001,0.7,0.008253055353409831,0.0002765396308709771,45,45,False
50,40,10,0.8,2000,0.5,3.0,0.5999999999999999,0.8,0.017501811235002322,0.0011438770965462581,44,44,False
50,45,5,0.9,2000,0.05,3.0,2.7,0.1,2.44069450240636e-07,8.282097663541947e-07,50,50,False
50,45,5,0.9,2000,0.05,3.0,2.4000000000000004,0.2,5.40352445579928e-07,1.9359601197570226e-06,50,50,False
50,45,5,0.9,2000,0.05,3.0,2.0999999999999996,0.3,9.306491299231057e-07,4.29672337817091e-06,50,50,False
50,45,5,0.9,2000,0.05,3.0,1.7999999999999998,0.4,1.7126546808035603e-06,3.53269135948509e-06,50,50,False
50,45,5,0.9,2000,0.05,3.0,1.5,0.5,2.970659778722684e-06,1.530495996323102e-06,50,50,False
50,45,5,0.9,2000,0.05,3.0,1.2000000000000002,0.6,6.554975274374042e-06,3.933622296412772e-06,50,50,False
50,45,5,0.9,2000,0.05,3.0,0.9000000000000001,0.7,1.4710659896388645e-05,5.039648226628457e-06,50,50,False
50,45,5,0.9,2000,0.05,3.0,0.5999999999999999,0.8,3.922360866731589e-05,3.023897107115182e-06,50,50,False
50,45,5,0.9,2000,0.1,3.0,2.7,0.1,5.471855752149646e-07,4.211153942413321e-07,50,50,False
50,45,5,0.9,2000,0.1,3.0,2.4000000000000004,0.2,2.3811281962384315e-06,1.6605130803159251e-06,50,50,False
50,45,5,0.9,2000,0.1,3.0,2.0999999999999996,0.3,6.455902954139239e-06,2.3514737523678905e-06,50,50,False
50,45,5,0.9,2000,0.1,3.0,1.7999999999999998,0.4,1.5132634834344981e-05,2.4924680607335814e-06,50,50,False
50,45,5,0.9,2000,0.1,3.0,1.5,0.5,3.273627064136761e-05,6.5821228263612295e-06,50,50,False
50,45,5,0.9,2000,0.1,3.0,1.2000000000000002,0.6,7.0365907300321e-05,6.78766072927779e-06,50,50,False
50,45,5,0.9,2000,0.1,3.0,0.9000000000000001,0.7,0.00015957615400601088,7.063646901599532e-06,50,50,False
50,45,5,0.9,2000,0.1,3.0,0.5999999999999999,0.8,0.00041712108188548744,2.733427684877194e-06,50,50,False
50,45,5,0.9,2000,0.2,3.0,2.7,0.1,3.2271767350135205e-06,1.3574951526809225e-08,50,50,False
50,45,5,0.9,2000,0.2,3.0,2.4000000000000004,0.2,1.6089431612378163e-05,3.4045152141404513e-07,50,50,False
50,45,5,0.9,2000,0.2,3.0,2.0999999999999996,0.3,4.619107723083187e-05,3.54838158095138e-08,50,50,False
50,45,5,0.9,2000,0.2,3.0,1.7999999999999998,0.4,0.00010856614101611983,2.823692838767474e-07,50,50,False
50,45,5,0.9,2000,0.2,3.0,1.5,0.5,0.000234910196745328,4.3344849470173196e-07,50,50,False
50,45,5,0.9,2000,0.2,3.0,1.2000000000000002,0.6,0.0004974793314734922,1.0145006925158504e-06,50,50,False
50,45,5,0.9,2000,0.2,3.0,0.9000000000000001,0.7,0.001086752940099113,4.7590017044383615e-06,50,50,False
50,45,5,0.9,2000,0.2,3.0,0.5999999999999999,0.8,0.002597156218633289,2.6157163789486057e-05,50,50,False
50,45,5,0.9,2000,0.5,3.0,2.7,0.1,1.891748040400848e-05,2.568307217825557e-08,47,47,False
50,45,5,0.9,2000,0.5,3.0,2.4000000000000004,0.2,9.285895930909172e-05,3.8081987798676524e-07,47,47,False
50,45,5,0.9,2000,0.5,3.0,2.0999999999999996,0.3,0.0002639612096879962,3.006820508165214e-06,46,46,False
50,45,5,0.9,2000,0.5,3.0,1.7999999999999998,0.4,0.0006101565266346878,1.875448485190681e-06,46,46,False
50,45,5,0.9,2000,0.5,3.0,1.5,0.5,0.0012778543289817586,7.311878166480585e-06,46,46,False
50,45,5,0.9,2000,0.5,3.0,1.2000000000000002,0.6,0.0026709774220299047,3.156779558064431e-05,46,46,False
50,45,5,0.9,2000,0.5,3.0,0.9000000000000001,0.7,0.005801926396616377,0.00013936210166062444,46,46,False
50,45,5,0.9,2000,0.5,3.0,0.5999999999999999,0.8,0.013198159173562568,0.0006841011949717905,45,45,False
50,48,2,0.96,2000,0.05,3.0,2.7,0.1,1.0364026167483664e-07,1.1898316172752527e-07,50,50,False
50,48,2,0.96,2000,0.05,3.0,2.4000000000000004,0.2,3.0062990115375943e-07,4.2378518817524786e-07,50,50,False
50,48,2,0.96,2000,0.05,3.0,2.0999999999999996,0.3,4.662909482561206e-07,1.401608781466083e-06,50,50,False
50,48,2,0.96,2000,0.05,3.0,1.7999999999999998,0.4,9.199329362163944e-07,1.8674016150880048e-06,50,50,False
50,48,2,0.96,2000,0.05,3.0,1.5,0.5,1.6555297059489549e-06,3.895323281807822e-06,50,50,False
50,48,2,0.96,2000,0.05,3.0,1.2000000000000002,0.6,3.1669534166084423e-06,4.224193078874824e-06,50,50,False
50,48,2,0.96,2000,0.05,3.0,0.9000000000000001,0.7,6.259414485156045e-06,1.4094823660367201e-06,50,50,False
50,48,2,0.96,2000,0.05,3.0,0.5999999999999999,0.8,1.7789454733435628e-05,4.267531176396225e-06,50,50,False
50,48,2,0.96,2000,0.1,3.0,2.7,0.1,2.3143993219815195e-07,9.412353693636135e-08,50,50,False
50,48,2,0.96,2000,0.1,3.0,2.4000000000000004,0.2,1.078786794164819e-06,4.977680345309942e-07,50,50,False
50,48,2,0.96,2000,0.1,3.0,2.0999999999999996,0.3,2.850442900187433e-06,5.630658237123481e-07,50,50,False
50,48,2,0.96,2000,0.1,3.0,1.7999999999999998,0.4,6.630704005508928e-06,2.775821547598703e-06,50,50,False
50,48,2,0.96,2000,0.1,3.0,1.5,0.5,1.4417989687230681e-05,2.384230441950508e-06,50,50,False
50,48,2,0.96,2000,0.1,3.0,1.2000000000000002,0.6,3.0905468747807405e-05,6.974792208284224e-06,50,50,False
50,48,2,0.96,2000,0.1,3.0,0.9000000000000001,0.7,7.068071032789378e-05,7.09514111369639e-06,50,50,False
50,48,2,0.96,2000,0.1,3.0,0.5999999999999999,0.8,0.00018836235300613915,1.1441704125784183e-06,50,50,False
50,48,2,0.96,2000,0.2,3.0,2.7,0.1,1.394425323887269e-06,8.0282534798229e-07,50,50,False
50,48,2,0.96,2000,0.2,3.0,2.4000000000000004,0.2,6.881405407637179e-06,1.1734063601939551e-08,50,50,False
50,48,2,0.96,2000,0.2,3.0,2.0999999999999996,0.3,1.9925488221401793e-05,1.9423979191184686e-08,50,50,False
50,48,2,0.96,2000,0.2,3.0,1.7999999999999998,0.4,4.747536841547624e-05,2.5969345479238026e-08,50,50,False
50,48,2,0.96,2000,0.2,3.0,1.5,0.5,0.0001036373892741361,6.107221317601602e-08,50,50,False
50,48,2,0.96,2000,0.2,3.0,1.2000000000000002,0.6,0.00022370663941543683,1.0985003575301165e-06,50,50,False
50,48,2,0.96,2000,0.2,3.0,0.9000000000000001,0.7,0.0005041103700259043,1.227687887012021e-06,50,50,False
50,48,2,0.96,2000,0.2,3.0,0.5999999999999999,0.8,0.0012845440672981665,8.481175806371267e-06,50,50,False
50,48,2,0.96,2000,0.5,3.0,2.7,0.1,8.135242086572403e-06,8.164095573014262e-09,47,47,False
50,48,2,0.96,2000,0.5,3.0,2.4000000000000004,0.2,4.0344410368736705e-05,6.965281314153008e-08,47,47,False
50,48,2,0.96,2000,0.5,3.0,2.0999999999999996,0.3,0.00011613864124166567,4.597390847064034e-07,47,47,False
50,48,2,0.96,2000,0.5,3.0,1.7999999999999998,0.4,0.00027362574187728833,3.305944190318307e-06,46,46,False
50,48,2,0.96,2000,0.5,3.0,1.5,0.5,0.0005925709566216297,4.474705301609689e-06,46,46,False
50,48,2,0.96,2000,0.5,3.0,1.2000000000000002,0.6,0.0012522033067426733,7.485999992430062e-06,46,46,False
50,48,2,0.96,2000,0.5,3.0,0.9000000000000001,0.7,0.0027434610857038537,3.9237428109359124e-05,46,46,False
50,48,2,0.96,2000,0.5,3.0,0.5999999999999999,0.8,0.00707275265490633,0.00022651335069822623,46,46,False
100,5,95,0.05,2000,0.05,3.0,2.7,0.1,7.499388325615808e-07,6.9279838472941e-07,100,100,False
100,5,95,0.05,2000,0.05,3.0,2.4000000000000004,0.2,1.1243284952014432e-06,5.328824543434273e-06,100,100,False
100,5,95,0.05,2000,0.05,3.0,2.0999999999999996,0.3,1.386950489967037e-06,5.998203465315021e-06,100,100,False
100,5,95,0.05,2000,0.05,3.0,1.7999999999999998,0.4,2.0431180032948193e-06,8.52584475775171e-06,100,100,False
100,5,95,0.05,2000,0.05,3.0,1.5,0.5,2.5676030247362425e-06,3.516513253339729e-07,100,100,False
100,5,95,0.05,2000,0.05,3.0,1.2000000000000002,0.6,5.4780893526708285e-06,2.5562023174641453e-06,100,100,False
100,5,95,0.05,2000,0.05,3.0,0.9000000000000001,0.7,1.1100306527206394e-05,1.160082363053617e-06,100,100,False
100,5,95,0.05,2000,0.05,3.0,0.5999999999999999,0.8,2.54460251839575e-05,2.1600690775174383e-06,100,100,False
100,5,95,0.05,2000,0.1,3.0,2.7,0.1,4.1836897775334147e-07,2.7512005745534653e-07,100,100,False
100,5,95,0.05,2000,0.1,3.0,2.4000000000000004,0.2,1.7920736793824998e-06,1.0542985994914855e-06,100,100,False
100,5,95,0.05,2000,0.1,3.0,2.0999999999999996,0.3,4.247188792508294e-06,3.822749154002272e-07,100,100,False
100,5,95,0.05,2000,0.1,3.0,1.7999999999999998,0.4,9.151167592159545e-06,9.385146099577109e-07,100,100,False
100,5,95,0.05,2000,0.1,3.0,1.5,0.5,1.88025066755991e-05,7.4882717731945964e-06,100,100,False
100,5,95,0.05,2000,0.1,3.0,1.2000000000000002,0.6,3.56224238321403e-05,3.0782480199607635e-07,100,100,False
100,5,95,0.05,2000,0.1,3.0,0.9000000000000001,0.7,6.5219472113564e-05,2.320812231060545e-07,100,100,False
100,5,95,0.05,2000,0.1,3.0,0.5999999999999999,0.8,0.00012038981844355787,1.0065980135183538e-07,99,99,False
100,5,95,0.05,2000,0.2,3.0,2.7,0.1,2.074601605120234e-06,2.945403687300935e-07,99,99,False
100,5,95,0.05,2000,0.2,3.0,2.4000000000000004,0.2,7.346102242271162e-06,1.135007082411205e-06,99,99,False
100,5,95,0.05,2000,0.2,3.0,2.0999999999999996,0.3,1.7763742425153106e-05,2.2725602606953788e-07,99,99,False
100,5,95,0.05,2000,0.2,3.0,1.7999999999999998,0.4,3.6928465966382974e-05,3.583286400694687e-08,98,98,False
100,5,95,0.05,2000,0.2,3.0,1.5,0.5,7.068786140760957e-05,5.575178657893289e-07,98,98,False
100,5,95,0.05,2000,0.2,3.0,1.2000000000000002,0.6,0.00012380317747191002,2.8872873989314505e-07,97,97,False
100,5,95,0.05,2000,0.2,3.0,0.9000000000000001,0.7,0.00021876146762568995,2.2234410506683406e-07,96,96,False
100,5,95,0.05,2000,0.2,3.0,0.5999999999999999,0.8,0.00038346265134405,2.737739182401375e-06,95,95,False
100,5,95,0.05,2000,0.5,3.0,2.7,0.1,9.085773209610093e-06,1.2307691837266887e-08,92,92,False
100,5,95,0.05,2000,0.5,3.0,2.4000000000000004,0.2,4.0218306736280324e-05,1.578557176484477e-08,91,91,False
100,5,95,0.05,2000,0.5,3.0,2.0999999999999996,0.3,0.00010102847828957762,1.4072837158419173e-06,89,89,False
100,5,95,0.05,2000,0.5,3.0,1.7999999999999998,0.4,0.00020337585931892287,2.644297579605785e-07,87,87,False
100,5,95,0.05,2000,0.5,3.0,1.5,0.5,0.00036915668100073046,6.4466707924013e-07,85,85,False
100,5,95,0.05,2000,0.5,3.0,1.2000000000000002,0.6,0.0006306946439738227,1.671096711177589e-06,81,81,False
100,5,95,0.05,2000,0.5,3.0,0.9000000000000001,0.7,0.0010454216636251255,4.5544495357797995e-06,75,75,False
100,5,95,0.05,2000,0.5,3.0,0.5999999999999999,0.8,0.001751492173509936,1.3027081325930808e-05,62,62,False
100,10,90,0.1,2000,0.05,3.0,2.7,0.1,1.3784138862566603e-06,2.0362540320587134e-06,100,100,False
100,10,90,0.1,2000,0.05,3.0,2.4000000000000004,0.2,1.9477058506092715e-06,8.817243060082844e-06,100,100,False
100,10,90,0.1,2000,0.05,3.0,2.0999999999999996,0.3,2.0149413466619137e-06,1.1058382864729649e-05,100,100,False
100,10,90,0.1,2000,0.05,3.0,1.7999999999999998,0.4,2.474414909574285e-06,1.6269653526715236e-06,100,100,False
100,10,90,0.1,2000,0.05,3.0,1.5,0.5,4.811619586098104e-06,8.661772151140406e-07,100,100,False
100,10,90,0.1,2000,0.05,3.0,1.2000000000000002,0.6,1.0489762804238856e-05,5.508655240058782e-06,100,100,False
100,10,90,0.1,2000,0.05,3.0,0.9000000000000001,0.7,2.1322956779326607e-05,4.319586005893376e-06,100,100,False
100,10,90,0.1,2000,0.05,3.0,0.5999999999999999,0.8,4.8767577767415415e-05,2.791990097627319e-06,100,100,False
100,10,90,0.1,2000,0.1,3.0,2.7,0.1,7.684749734442053e-07,3.879258310200627e-07,100,100,False
100,10,90,0.1,2000,0.1,3.0,2.4000000000000004,0.2,3.137262550998582e-06,3.135151691451625e-07,100,100,False
100,10,90,0.1,2000,0.1,3.0,2.0999999999999996,0.3,8.196580499900998e-06,4.910971707541811e-07,100,100,False
100,10,90,0.1,2000,0.1,3.0,1.7999999999999998,0.4,1.745461693547631e-05,7.569198028595588e-06,100,100,False
100,10,90,0.1,2000,0.1,3.0,1.5,0.5,3.541500969528669e-05,4.47567956175853e-06,100,100,False
100,10,90,0.1,2000,0.1,3.0,1.2000000000000002,0.6,6.909248480385503e-05,6.441741893364262e-07,100,100,False
100,10,90,0.1,2000,0.1,3.0,0.9000000000000001,0.7,0.00012862804153338078,3.2893116816534837e-07,100,100,False
100,10,90,0.1,2000,0.1,3.0,0.5999999999999999,0.8,0.00024048214945908018,2.671238605060828e-07,99,99,False
100,10,90,0.1,2000,0.2,3.0,2.7,0.1,3.132215005766754e-06,2.601681762963614e-07,99,99,False
100,10,90,0.1,2000,0.2,3.0,2.4000000000000004,0.2,1.4083573304184095e-05,2.710549212339228e-06,99,99,False
100,10,90,0.1,2000,0.2,3.0,2.0999999999999996,0.3,3.3896635895364416e-05,3.103513226650808e-08,99,99,False
100,10,90,0.1,2000,0.2,3.0,1.7999999999999998,0.4,7.061712628655145e-05,5.304259352023746e-08,98,98,False
100,10,90,0.1,2000,0.2,3.0,1.5,0.5,0.00013791215651375076,7.05296427846815e-07,98,98,False
100,10,90,0.1,2000,0.2,3.0,1.2000000000000002,0.6,0.00024543727935606653,5.787511112563017e-07,98,98,False
100,10,90,0.1,2000,0.2,3.0,0.9000000000000001,0.7,0.0004266472132889033,8.936059586660635e-07,97,97,False
100,10,90,0.1,2000,0.2,3.0,0.5999999999999999,0.8,0.0007761995199799141,2.4165576516994676e-06,95,95,False
100,10,90,0.1,2000,0.5,3.0,2.7,0.1,1.728142817866707e-05,8.530247701148822e-08,92,92,False
100,10,90,0.1,2000,0.5,3.0,2.4000000000000004,0.2,7.695899740470247e-05,5.7809581350275124e-08,91,91,False
100,10,90,0.1,2000,0.5,3.0,2.0999999999999996,0.3,0.0001941483704193947,1.071078481663516e-06,89,89,False
100,10,90,0.1,2000,0.5,3.0,1.7999999999999998,0.4,0.00039409656813710467,8.984604058126177e-07,88,88,False
100,10,90,0.1,2000,0.5,3.0,1.5,0.5,0.0007168176437439208,2.2647189282731086e-06,85,85,False
100,10,90,0.1,2000,0.5,3.0,1.2000000000000002,0.6,0.0012315159092291762,6.335967680087668e-06,82,82,False
100,10,90,0.1,2000,0.5,3.0,0.9000000000000001,0.7,0.002061661697085762,1.75116669025696e-05,76,76,False
100,10,90,0.1,2000,0.5,3.0,0.5999999999999999,0.8,0.0034765118482313236,5.016745735310172e-05,64,64,False
100,20,80,0.2,2000,0.05,3.0,2.7,0.1,1.4865013487196793e-06,4.349082070494671e-06,100,100,False
100,20,80,0.2,2000,0.05,3.0,2.4000000000000004,0.2,1.873259893078738e-06,1.1100393271513937e-05,100,100,False
100,20,80,0.2,2000,0.05,3.0,2.0999999999999996,0.3,2.2855881704371417e-06,4.624851276467483e-06,100,100,False
100,20,80,0.2,2000,0.05,3.0,1.7999999999999998,0.4,4.2822575726988305e-06,2.721002668976981e-06,100,100,False
100,20,80,0.2,2000,0.05,3.0,1.5,0.5,8.575402204790555e-06,1.998575516050824e-06,100,100,False
100,20,80,0.2,2000,0.05,3.0,1.2000000000000002,0.6,1.9602699360382614e-05,1.5182379398263656e-05,100,100,False
100,20,80,0.2,2000,0.05,3.0,0.9000000000000001,0.7,3.86660882302943e-05,1.066855277235604e-05,100,100,False
100,20,80,0.2,2000,0.05,3.0,0.5999999999999999,0.8,9.098674174235909e-05,3.471576741392106e-06,100,100,False
100,20,80,0.2,2000,0.1,3.0,2.7,0.1,1.3026793174095164e-06,8.754722656262028e-07,100,100,False
100,20,80,0.2,2000,0.1,3.0,2.4000000000000004,0.2,5.614585886624945e-06,7.545346690140951e-07,100,100,False
100,20,80,0.2,2000,0.1,3.0,2.0999999999999996,0.3,1.4902981046111333e-05,1.878042227678395e-06,100,100,False
100,20,80,0.2,2000,0.1,3.0,1.7999999999999998,0.4,3.203040506002605e-05,9.362566673098798e-06,100,100,False
100,20,80,0.2,2000,0.1,3.0,1.5,0.5,6.436581381277697e-05,8.322429095054484e-06,100,100,False
100,20,80,0.2,2000,0.1,3.0,1.2000000000000002,0.6,0.00012759837232275426,3.991642865600715e-07,100,100,False
100,20,80,0.2,2000,0.1,3.0,0.9000000000000001,0.7,0.00024670007178369344,6.295684780739782e-07,100,100,False
100,20,80,0.2,2000,0.1,3.0,0.5999999999999999,0.8,0.00047309062830819303,1.5618311886362235e-06,99,99,False
100,20,80,0.2,2000,0.2,3.0,2.7,0.1,6.115066702108902e-06,4.033558295835172e-07,99,99,False
100,20,80,0.2,2000,0.2,3.0,2.4000000000000004,0.2,2.5784481910297308e-05,1.7326992844421968e-06,99,99,False
100,20,80,0.2,2000,0.2,3.0,2.0999999999999996,0.3,6.379279281650253e-05,1.593201428804771e-07,99,99,False
100,20,80,0.2,2000,0.2,3.0,1.7999999999999998,0.4,0.0001272860978573702,3.194082954462483e-07,99,99,False
100,20,80,0.2,2000,0.2,3.0,1.5,0.5,0.0002585915621004459,5.395667211482297e-07,98,98,False
100,20,80,0.2,2000,0.2,3.0,1.2000000000000002,0.6,0.00047287745733675833,1.3230323327457886e-06,98,98,False
100,20,80,0.2,2000,0.2,3.0,0.9000000000000001,0.7,0.0008192043345391312,3.6457886546910692e-06,97,97,False
100,20,80,0.2,2000,0.2,3.0,0.5999999999999999,0.8,0.0015189271065734053,9.084725120918412e-06,95,95,False
100,20,80,0.2,2000,0.5,3.0,2.7,0.1,3.103983826891095e-05,1.4533497347308757e-07,92,92,False
100,20,80,0.2,2000,0.5,3.0,2.4000000000000004,0.2,0.00013875002616355395,4.2511552007891074e-07,91,91,False
100,20,80,0.2,2000,0.5,3.0,2.0999999999999996,0.3,0.00035585092924764194,6.275204765155761e-07,90,90,False
100,20,80,0.2,2000,0.5,3.0,1.7999999999999998,0.4,0.0007390148318978549,2.265414214971475e-06,88,88,False
100,20,80,0.2,2000,0.5,3.0,1.5,0.5,0.001353583862806428,7.539274393624525e-06,86,86,False
100,20,80,0.2,2000,0.5,3.0,1.2000000000000002,0.6,0.0023485819936383953,2.2735189432157818e-05,83,83,False
100,20,80,0.2,2000,0.5,3.0,0.9000000000000001,0.7,0.003998335175687772,6.513520165825438e-05,78,78,False
100,20,80,0.2,2000,0.5,3.0,0.5999999999999999,0.8,0.006790184854760652,0.00018909260086972396,67,67,False
100,50,50,0.5,2000,0.05,3.0,2.7,0.1,2.2798149697418613e-06,9.760088685117363e-06,100,100,False
100,50,50,0.5,2000,0.05,3.0,2.4000000000000004,0.2,2.27826030071987e-06,1.1860260077885502e-05,100,100,False
100,50,50,0.5,2000,0.05,3.0,2.0999999999999996,0.3,3.4645031993089416e-06,8.302897573408229e-06,100,100,False
100,50,50,0.5,2000,0.05,3.0,1.7999999999999998,0.4,6.7179997278645626e-06,5.097359958212631e-06,100,100,False
100,50,50,0.5,2000,0.05,3.0,1.5,0.5,1.4488817771666357e-05,1.0720444378267217e-05,100,100,False
100,50,50,0.5,2000,0.05,3.0,1.2000000000000002,0.6,3.019354272502245e-05,5.904152703990643e-06,100,100,False
100,50,50,0.5,2000,0.05,3.0,0.9000000000000001,0.7,6.544591782700789e-05,7.1105502960283005e-06,100,100,False
100,50,50,0.5,2000,0.05,3.0,0.5999999999999999,0.8,0.0001653860132895535,7.129337823362199e-06,100,100,False
100,50,50,0.5,2000,0.1,3.0,2.7,0.1,2.1795886253729926e-06,1.9299054965309054e-06,100,100,False
100,50,50,0.5,2000,0.1,3.0,2.4000000000000004,0.2,9.36992542000797e-06,2.6559730148253534e-06,100,100,False
100,50,50,0.5,2000,0.1,3.0,2.0999999999999996,0.3,2.474558870036586e-05,8.500998473673563e-06,100,100,False
100,50,50,0.5,2000,0.1,3.0,1.7999999999999998,0.4,5.535715433780883e-05,1.2508974325052892e-05,100,100,False
100,50,50,0.5,2000,0.1,3.0,1.5,0.5,0.000111187197214771,8.052124157157235e-06,100,100,False
100,50,50,0.5,2000,0.1,3.0,1.2000000000000002,0.6,0.00022491933253383865,1.6212824116687476e-06,100,100,False
100,50,50,0.5,2000,0.1,3.0,0.9000000000000001,0.7,0.00047556474133758067,2.819153285388385e-06,100,100,False
100,50,50,0.5,2000,0.1,3.0,0.5999999999999999,0.8,0.0010350389555633043,4.695970442756083e-06,100,100,False
100,50,50,0.5,2000,0.2,3.0,2.7,0.1,9.352991687545248e-06,2.3303349383949476e-08,99,99,False
100,50,50,0.5,2000,0.2,3.0,2.4000000000000004,0.2,4.355961318373326e-05,2.64415313104881e-06,99,99,False
100,50,50,0.5,2000,0.2,3.0,2.0999999999999996,0.3,0.00011520985577649634,1.2685199440631888e-07,99,99,False
100,50,50,0.5,2000,0.2,3.0,1.7999999999999998,0.4,0.0002400162130026392,3.0689620062322753e-07,99,99,False
100,50,50,0.5,2000,0.2,3.0,1.5,0.5,0.0004512250541444853,2.472560858202491e-06,99,99,False
100,50,50,0.5,2000,0.2,3.0,1.2000000000000002,0.6,0.0009117328770025836,4.648828840598585e-06,98,98,False
100,50,50,0.5,2000,0.2,3.0,0.9000000000000001,0.7,0.0017599917234734684,1.2378367559888622e-05,98,98,False
100,50,50,0.5,2000,0.2,3.0,0.5999999999999999,0.8,0.0033603205506731303,4.342534095445568e-05,97,97,False
100,50,50,0.5,2000,0.5,3.0,2.7,0.1,5.033608401851415e-05,1.0054982167445054e-06,92,92,False
100,50,50,0.5,2000,0.5,3.0,2.4000000000000004,0.2,0.00023380971620850935,3.939670246610736e-06,91,91,False
100,50,50,0.5,2000,0.5,3.0,2.0999999999999996,0.3,0.0006252066576483001,4.511976131355232e-06,91,91,False
100,50,50,0.5,2000,0.5,3.0,1.7999999999999998,0.4,0.001335392674321081,9.708013622346011e-06,90,90,False
100,50,50,0.5,2000,0.5,3.0,1.5,0.5,0.0025909621170600128,2.7863404998780275e-05,88,88,False
100,50,50,0.5,2000,0.5,3.0,1.2000000000000002,0.6,0.004744452633411474,9.176406943802975e-05,86,87,True
100,50,50,0.5,2000,0.5,3.0,0.9000000000000001,0.7,0.008490465975740843,0.000290362986617748,83,83,False
100,50,50,0.5,2000,0.5,3.0,0.5999999999999999,0.8,0.015208682929575858,0.000929324539497518,77,77,False
100,80,20,0.8,2000,0.05,3.0,2.7,0.1,1.426261047380445e-06,6.0829106210740156e-06,100,100,False
100,80,20,0.8,2000,0.05,3.0,2.4000000000000004,0.2,2.173776997446697e-06,1.2230871201803107e-05,100,100,False
100,80,20,0.8,2000,0.05,3.0,2.0999999999999996,0.3,2.4371509411043324e-06,7.1430888816287e-06,100,100,False
100,80,20,0.8,2000,0.05,3.0,1.7999999999999998,0.4,5.386105232150704e-06,1.2696866074184312e-05,100,100,False
100,80,20,0.8,2000,0.05,3.0,1.5,0.5,1.0295200022985597e-05,1.4425266675632599e-05,100,100,False
100,80,20,0.8,2000,0.05,3.0,1.2000000000000002,0.6,2.1378838683916435e-05,1.6698513701401734e-05,100,100,False
100,80,20,0.8,2000,0.05,3.0,0.9000000000000001,0.7,4.650751752601108e-05,6.813680721575283e-06,100,100,False
100,80,20,0.8,2000,0.05,3.0,0.5999999999999999,0.8,0.00012274439254360975,6.924449317406202e-06,100,100,False
100,80,20,0.8,2000,0.1,3.0,2.7,0.1,1.7314403881474316e-06,2.803080605800486e-06,100,100,False
100,80,20,0.8,2000,0.1,3.0,2.4000000000000004,0.2,6.6957108633960635e-06,7.781617008209006e-06,100,100,False
100,80,20,0.8,2000,0.1,3.0,2.0999999999999996,0.3,1.7548435145687755e-05,6.275340731606973e-06,100,100,False
100,80,20,0.8,2000,0.1,3.0,1.7999999999999998,0.4,3.9643652331050085e-05,1.575815542625975e-05,100,100,False
100,80,20,0.8,2000,0.1,3.0,1.5,0.5,8.372962980602704e-05,9.018501881573648e-06,100,100,False
100,80,20,0.8,2000,0.1,3.0,1.2000000000000002,0.6,0.0001728746094179891,2.1282076738384707e-06,100,100,False
100,80,20,0.8,2000,0.1,3.0,0.9000000000000001,0.7,0.00036829662016495904,1.593043015578647e-05,100,100,False
100,80,20,0.8,2000,0.1,3.0,0.5999999999999999,0.8,0.0009442672815449726,1.9565246681953327e-05,100,100,False
100,80,20,0.8,2000,0.2,3.0,2.7,0.1,6.023966364105456e-06,2.205866349025477e-06,99,99,False
100,80,20,0.8,2000,0.2,3.0,2.4000000000000004,0.2,3.00360039366533e-05,3.75726119234256e-06,99,99,False
100,80,20,0.8,2000,0.2,3.0,2.0999999999999996,0.3,8.442067890059371e-05,2.895386209221842e-06,99,99,False
100,80,20,0.8,2000,0.2,3.0,1.7999999999999998,0.4,0.0001919897277275623,3.041619872030157e-06,99,99,False
100,80,20,0.8,2000,0.2,3.0,1.5,0.5,0.0003947922974910194,3.183248793585912e-06,99,99,False
100,80,20,0.8,2000,0.2,3.0,1.2000000000000002,0.6,0.0007710878218314121,3.030607868581103e-06,99,99,False
100,80,20,0.8,2000,0.2,3.0,0.9000000000000001,0.7,0.0015322145439977432,1.3364155964286925e-05,99,99,False
100,80,20,0.8,2000,0.2,3.0,0.5999999999999999,0.8,0.0036665072913633573,5.437214897168743e-05,98,98,False
100,80,20,0.8,2000,0.5,3.0,2.7,0.1,3.357491801312534e-05,4.052264942581142e-06,92,92,False
100,80,20,0.8,2000,0.5,3.0,2.4000000000000004,0.2,0.00016158608025674658,3.385512711325423e-06,92,92,False
100,80,20,0.8,2000,0.5,3.0,2.0999999999999996,0.3,0.0004538096293177753,1.5045215046026604e-06,92,92,False
100,80,20,0.8,2000,0.5,3.0,1.7999999999999998,0.4,0.0010357480724599438,1.2287025479703787e-05,91,91,False
100,80,20,0.8,2000,0.5,3.0,1.5,0.5,0.0021464419378953766,2.3283178381660572e-05,91,91,False
100,80,20,0.8,2000,0.5,3.0,1.2000000000000002,0.6,0.004285388483366534,8.027203722035087e-05,90,90,False
100,80,20,0.8,2000,0.5,3.0,0.9000000000000001,0.7,0.008557155462092163,0.00030197589189660714,89,89,False
100,80,20,0.8,2000,0.5,3.0,0.5999999999999999,0.8,0.0177599860810388,0.0012421187900922184,86,86,False
100,90,10,0.9,2000,0.05,3.0,2.7,0.1,1.026889757921312e-06,3.203176817930764e-06,100,100,False
100,90,10,0.9,2000,0.05,3.0,2.4000000000000004,0.2,1.600422891754748e-06,6.981228849777717e-06,100,100,False
100,90,10,0.9,2000,0.05,3.0,2.0999999999999996,0.3,2.37591368564688e-06,1.2048172324556223e-05,100,100,False
100,90,10,0.9,2000,0.05,3.0,1.7999999999999998,0.4,3.989402179677831e-06,1.263458998492055e-05,100,100,False
100,90,10,0.9,2000,0.05,3.0,1.5,0.5,6.159085512150685e-06,8.430329109127231e-06,100,100,False
100,90,10,0.9,2000,0.05,3.0,1.2000000000000002,0.6,1.3084953472804195e-05,1.310133634093078e-05,100,100,False
100,90,10,0.9,2000,0.05,3.0,0.9000000000000001,0.7,2.8158382962287232e-05,1.6728732392078103e-05,100,100,False
100,90,10,0.9,2000,0.05,3.0,0.5999999999999999,0.8,7.327949458918112e-05,1.1319899644263828e-05,100,100,False
100,90,10,0.9,2000,0.1,3.0,2.7,0.1,1.055552821479372e-06,2.086849040164763e-06,100,100,False
100,90,10,0.9,2000,0.1,3.0,2.4000000000000004,0.2,4.164744290074962e-06,5.8241941906776005e-06,100,100,False
100,90,10,0.9,2000,0.1,3.0,2.0999999999999996,0.3,1.0396860805972699e-05,7.37951385858772e-06,100,100,False
100,90,10,0.9,2000,0.1,3.0,1.7999999999999998,0.4,2.374193925090695e-05,8.094016722298736e-06,100,100,False
100,90,10,0.9,2000,0.1,3.0,1.5,0.5,4.998152980099056e-05,1.7266725733373537e-05,100,100,False
100,90,10,0.9,2000,0.1,3.0,1.2000000000000002,0.6,0.00010573696788290874,1.8672441957646383e-05,100,100,False
100,90,10,0.9,2000,0.1,3.0,0.9000000000000001,0.7,0.00023366526080372853,1.9169658041721704e-05,100,100,False
100,90,10,0.9,2000,0.1,3.0,0.5999999999999999,0.8,0.0005881817603064741,6.120984831249512e-06,100,100,False
100,90,10,0.9,2000,0.2,3.0,2.7,0.1,3.6286471939012133e-06,1.421543884885629e-07,99,99,False
100,90,10,0.9,2000,0.2,3.0,2.4000000000000004,0.2,1.742355018947289e-05,2.419967473180892e-06,99,99,False
100,90,10,0.9,2000,0.2,3.0,2.0999999999999996,0.3,4.9683999837906064e-05,1.2872023035951301e-07,99,99,False
100,90,10,0.9,2000,0.2,3.0,1.7999999999999998,0.4,0.00011576269523608674,4.900475435298536e-07,99,99,False
100,90,10,0.9,2000,0.2,3.0,1.5,0.5,0.0002471004427514699,1.425401838867947e-06,99,99,False
100,90,10,0.9,2000,0.2,3.0,1.2000000000000002,0.6,0.0005131273632384289,1.1408656229847016e-06,99,99,False
100,90,10,0.9,2000,0.2,3.0,0.9000000000000001,0.7,0.0010810839297238034,5.588298487575966e-06,99,99,False
100,90,10,0.9,2000,0.2,3.0,0.5999999999999999,0.8,0.0025063295714161877,3.154973315839236e-05,99,99,False
100,90,10,0.9,2000,0.5,3.0,2.7,0.1,1.9369372344910096e-05,1.410464357865113e-06,92,92,False
100,90,10,0.9,2000,0.5,3.0,2.4000000000000004,0.2,9.311397886057997e-05,4.690902857661312e-06,92,92,False
100,90,10,0.9,2000,0.5,3.0,2.0999999999999996,0.3,0.00026655130687972504,8.304762919872329e-06,92,92,False
100,90,10,0.9,2000,0.5,3.0,1.7999999999999998,0.4,0.0006223708027550305,6.862433893598176e-06,92,92,False
100,90,10,0.9,2000,0.5,3.0,1.5,0.5,0.0013447239453396095,8.002627185760618e-06,92,92,False
100,90,10,0.9,2000,0.5,3.0,1.2000000000000002,0.6,0.002764021975335988,3.412018739658878e-05,91,91,False
100,90,10,0.9,2000,0.5,3.0,0.9000000000000001,0.7,0.005987201513881789,0.00015490726497792477,91,91,False
100,90,10,0.9,2000,0.5,3.0,0.5999999999999999,0.8,0.013857446699307233,0.0007649350729220459,89,90,True
100,95,5,0.95,2000,0.05,3.0,2.7,0.1,7.218100128202412e-07,1.6738374928978664e-06,100,100,False
100,95,5,0.95,2000,0.05,3.0,2.4000000000000004,0.2,9.930558977494508e-07,3.820471239132911e-06,100,100,False
100,95,5,0.95,2000,0.05,3.0,2.0999999999999996,0.3,1.5289226565386171e-06,5.761166056986682e-06,100,100,False
100,95,5,0.95,2000,0.05,3.0,1.7999999999999998,0.4,2.7134643328444175e-06,1.196931476021982e-05,100,100,False
100,95,5,0.95,2000,0.05,3.0,1.5,0.5,4.310507127666674e-06,1.3199617254561142e-05,100,100,False
100,95,5,0.95,2000,0.05,3.0,1.2000000000000002,0.6,7.934142846145742e-06,1.52387133775375e-05,100,100,False
100,95,5,0.95,2000,0.05,3.0,0.9000000000000001,0.7,1.566399087411796e-05,1.1721764564435073e-05,100,100,False
100,95,5,0.95,2000,0.05,3.0,0.5999999999999999,0.8,4.0845751738207564e-05,9.754489655241685e-06,100,100,False
100,95,5,0.95,2000,0.1,3.0,2.7,0.1,5.530205144446687e-07,8.598100915821417e-07,100,100,False
100,95,5,0.95,2000,0.1,3.0,2.4000000000000004,0.2,2.2847610191625845e-06,2.7574542610489173e-06,100,100,False
100,95,5,0.95,2000,0.1,3.0,2.0999999999999996,0.3,6.018046779565243e-06,8.236365170671098e-06,100,100,False
100,95,5,0.95,2000,0.1,3.0,1.7999999999999998,0.4,1.312806885431228e-05,9.313387210106945e-06,100,100,False
100,95,5,0.95,2000,0.1,3.0,1.5,0.5,2.778923071746972e-05,8.375423981257296e-06,100,100,False
100,95,5,0.95,2000,0.1,3.0,1.2000000000000002,0.6,5.8457601073674814e-05,1.8608914386362223e-05,100,100,False
100,95,5,0.95,2000,0.1,3.0,0.9000000000000001,0.7,0.00013135829646645494,5.614936049275638e-06,100,100,False
100,95,5,0.95,2000,0.1,3.0,0.5999999999999999,0.8,0.0003399162934283745,4.54213820421558e-06,100,100,False
100,95,5,0.95,2000,0.2,3.0,2.7,0.1,1.912335775345575e-06,3.441588556257224e-06,99,99,False
100,95,5,0.95,2000,0.2,3.0,2.4000000000000004,0.2,9.310824803432372e-06,4.337889014291512e-07,99,99,False
100,95,5,0.95,2000,0.2,3.0,2.0999999999999996,0.3,2.682574071556469e-05,3.094252147819586e-06,99,99,False
100,95,5,0.95,2000,0.2,3.0,1.7999999999999998,0.4,6.3254089040456e-05,1.0073625506306293e-07,99,99,False
100,95,5,0.95,2000,0.2,3.0,1.5,0.5,0.00013728445458343827,2.1654047411732383e-07,99,99,False
100,95,5,0.95,2000,0.2,3.0,1.2000000000000002,0.6,0.0002930595188536684,4.297704240516546e-07,99,99,False
100,95,5,0.95,2000,0.2,3.0,0.9000000000000001,0.7,0.0006485093382899792,2.04224174994819e-06,99,99,False
100,95,5,0.95,2000,0.2,3.0,0.5999999999999999,0.8,0.0015867920226834377,1.2461285808926508e-05,99,99,False
100,95,5,0.95,2000,0.5,3.0,2.7,0.1,1.0360809790890217e-05,1.1935229371760996e-06,92,92,False
100,95,5,0.95,2000,0.5,3.0,2.4000000000000004,0.2,5.044495920900841e-05,4.963533758091368e-06,92,92,False
100,95,5,0.95,2000,0.5,3.0,2.0999999999999996,0.3,0.0001436693583091468,5.4864353759801135e-06,92,92,False
100,95,5,0.95,2000,0.5,3.0,1.7999999999999998,0.4,0.0003404386633032979,1.0214237679010905e-05,92,92,False
100,95,5,0.95,2000,0.5,3.0,1.5,0.5,0.0007442517452676857,2.753036726921595e-06,92,92,False
100,95,5,0.95,2000,0.5,3.0,1.2000000000000002,0.6,0.0016086341506619923,1.8134922797366274e-05,92,92,False
100,95,5,0.95,2000,0.5,3.0,0.9000000000000001,0.7,0.003570406756522333,6.300331599371118e-05,92,92,False
100,95,5,0.95,2000,0.5,3.0,0.5999999999999999,0.8,0.008943603551365293,0.0003480235819440574,91,91,False
200,10,190,0.05,2000,0.05,3.0,2.7,0.1,2.3345507556074563e-06,6.41885850292913e-06,200,200,False
200,10,190,0.05,2000,0.05,3.0,2.4000000000000004,0.2,3.2058148282899587e-06,1.8245472744198238e-05,200,200,False
200,10,190,0.05,2000,0.05,3.0,2.0999999999999996,0.3,3.7625965710217854e-06,1.7535120734798594e-05,200,200,False
200,10,190,0.05,2000,0.05,3.0,1.7999999999999998,0.4,5.320479716120624e-06,3.152885519519912e-05,200,200,False
200,10,190,0.05,2000,0.05,3.0,1.5,0.5,5.2449526007566916e-06,9.488650367368692e-06,200,200,False
200,10,190,0.05,2000,0.05,3.0,1.2000000000000002,0.6,9.407510460690549e-06,1.4250826365862656e-05,200,200,False
200,10,190,0.05,2000,0.05,3.0,0.9000000000000001,0.7,1.5679115814862254e-05,7.999272445349027e-06,200,200,False
200,10,190,0.05,2000,0.05,3.0,0.5999999999999999,0.8,3.444003476164165e-05,1.2597066658665258e-05,200,200,False
200,10,190,0.05,2000,0.1,3.0,2.7,0.1,7.46812605998369e-07,5.593058310892758e-07,200,200,False
200,10,190,0.05,2000,0.1,3.0,2.4000000000000004,0.2,2.83587732308882e-06,2.141159264499768e-06,200,200,False
200,10,190,0.05,2000,0.1,3.0,2.0999999999999996,0.3,5.9773269236000626e-06,1.8775514028733572e-06,200,200,False
200,10,190,0.05,2000,0.1,3.0,1.7999999999999998,0.4,1.240543863367631e-05,6.073765224114496e-06,199,199,False
200,10,190,0.05,2000,0.1,3.0,1.5,0.5,2.1258482923565414e-05,2.259373888203717e-05,199,199,False
200,10,190,0.05,2000,0.1,3.0,1.2000000000000002,0.6,3.645942679663864e-05,1.9485309669718944e-06,199,199,False
200,10,190,0.05,2000,0.1,3.0,0.9000000000000001,0.7,5.7767424656888014e-05,6.7950607518497655e-06,198,198,False
200,10,190,0.05,2000,0.1,3.0,0.5999999999999999,0.8,0.00011372548686547563,1.414205181128989e-07,197,197,False
200,10,190,0.05,2000,0.2,3.0,2.7,0.1,2.676159409855175e-06,2.2626009559380538e-06,198,198,False
200,10,190,0.05,2000,0.2,3.0,2.4000000000000004,0.2,7.629206868555588e-06,3.3361438785216896e-06,197,197,False
200,10,190,0.05,2000,0.2,3.0,2.0999999999999996,0.3,1.90560163482352e-05,6.293646496935996e-07,197,197,False
200,10,190,0.05,2000,0.2,3.0,1.7999999999999998,0.4,3.831140132391428e-05,1.0652419039767586e-07,196,196,False
200,10,190,0.05,2000,0.2,3.0,1.5,0.5,7.020983685769708e-05,1.998044571574603e-06,195,195,False
200,10,190,0.05,2000,0.2,3.0,1.2000000000000002,0.6,0.00012293521046277157,1.2709126486221649e-06,194,194,False
200,10,190,0.05,2000,0.2,3.0,0.9000000000000001,0.7,0.0002145147148157403,1.1258333636868676e-06,192,192,False
200,10,190,0.05,2000,0.2,3.0,0.5999999999999999,0.8,0.0003872532613627185,6.274689091739811e-06,188,188,False
200,10,190,0.05,2000,0.5,3.0,2.7,0.1,9.144993901751691e-06,5.975991922833812e-08,182,182,False
200,10,190,0.05,2000,0.5,3.0,2.4000000000000004,0.2,4.0464929313855725e-05,9.854278726646077e-08,180,180,False
200,10,190,0.05,2000,0.5,3.0,2.0999999999999996,0.3,0.000101243281297448,1.0194718184552404e-05,177,177,False
200,10,190,0.05,2000,0.5,3.0,1.7999999999999998,0.4,0.00020457141629058075,1.7534743808320397e-06,174,174,False
200,10,190,0.05,2000,0.5,3.0,1.5,0.5,0.00036932248990828587,9.759475258606604e-07,169,169,False
200,10,190,0.05,2000,0.5,3.0,1.2000000000000002,0.6,0.0006296358767386282,2.482325059977773e-06,161,161,False
200,10,190,0.05,2000,0.5,3.0,0.9000000000000001,0.7,0.0010454187315261506,5.2009232748224385e-06,148,148,False
200,10,190,0.05,2000,0.5,3.0,0.5999999999999999,0.8,0.0017479271026715204,2.0770034162872542e-05,122,123,True
200,20,180,0.1,2000,0.05,3.0,2.7,0.1,4.007184435793343e-06,9.277940242441345e-06,200,200,False
200,20,180,0.1,2000,0.05,3.0,2.4000000000000004,0.2,5.46447361787078e-06,2.6798638485485013e-05,200,200,False
200,20,180,0.1,2000,0.05,3.0,2.0999999999999996,0.3,5.172247655213513e-06,3.4829280009504544e-05,200,200,False
200,20,180,0.1,2000,0.05,3.0,1.7999999999999998,0.4,5.459684575895296e-06,1.2389318306257484e-05,200,200,False
200,20,180,0.1,2000,0.05,3.0,1.5,0.5,9.150042370574367e-06,1.3745157420424794e-05,200,200,False
200,20,180,0.1,2000,0.05,3.0,1.2000000000000002,0.6,1.70833227006199e-05,2.1794865242448773e-05,200,200,False
200,20,180,0.1,2000,0.05,3.0,0.9000000000000001,0.7,3.0120966364736296e-05,1.839109000401884e-05,200,200,False
200,20,180,0.1,2000,0.05,3.0,0.5999999999999999,0.8,6.425344322820653e-05,1.315502146053595e-05,200,200,False
200,20,180,0.1,2000,0.1,3.0,2.7,0.1,1.366086531864397e-06,2.4168065963427723e-06,200,200,False
200,20,180,0.1,2000,0.1,3.0,2.4000000000000004,0.2,4.639046779936554e-06,1.5865604607534848e-06,200,200,False
200,20,180,0.1,2000,0.1,3.0,2.0999999999999996,0.3,1.143586968239442e-05,3.327964492238171e-06,200,200,False
200,20,180,0.1,2000,0.1,3.0,1.7999999999999998,0.4,2.2190884868119806e-05,2.0606034859024883e-05,199,199,False
200,20,180,0.1,2000,0.1,3.0,1.5,0.5,4.05492424113002e-05,1.8419260907523953e-05,199,199,False
200,20,180,0.1,2000,0.1,3.0,1.2000000000000002,0.6,7.064013998925138e-05,4.1189256600597395e-06,199,199,False
200,20,180,0.1,2000,0.1,3.0,0.9000000000000001,0.7,0.00011078515113808595,1.1468528187652332e-06,199,199,False
200,20,180,0.1,2000,0.1,3.0,0.5999999999999999,0.8,0.0002278182914714818,4.6383850164482963e-07,198,198,False
200,20,180,0.1,2000,0.2,3.0,2.7,0.1,3.1261134449660916e-06,6.032213980342908e-07,198,198,False
200,20,180,0.1,2000,0.2,3.0,2.4000000000000004,0.2,1.3743418944977756e-05,8.170033183835635e-06,197,197,False
200,20,180,0.1,2000,0.2,3.0,2.0999999999999996,0.3,3.516178595088914e-05,2.9156408004772767e-08,197,197,False
200,20,180,0.1,2000,0.2,3.0,1.7999999999999998,0.4,7.37985417597932e-05,3.930536835101264e-07,196,196,False
200,20,180,0.1,2000,0.2,3.0,1.5,0.5,0.00013488804169941096,2.3952512802273416e-06,196,196,False
200,20,180,0.1,2000,0.2,3.0,1.2000000000000002,0.6,0.000239067973077765,1.7279796484681222e-06,194,194,False
200,20,180,0.1,2000,0.2,3.0,0.9000000000000001,0.7,0.0004232288830922047,1.962612918740589e-06,193,193,False
200,20,180,0.1,2000,0.2,3.0,0.5999999999999999,0.8,0.0007664390340701398,2.501430592441683e-06,189,189,False
200,20,180,0.1,2000,0.5,3.0,2.7,0.1,1.746831505839005e-05,1.131645635268537e-07,182,182,False
200,20,180,0.1,2000,0.5,3.0,2.4000000000000004,0.2,7.729443202576097e-05,4.015461374678924e-07,180,180,False
200,20,180,0.1,2000,0.5,3.0,2.0999999999999996,0.3,0.00019540720517062515,1.1854163897906032e-05,178,178,False
200,20,180,0.1,2000,0.5,3.0,1.7999999999999998,0.4,0.0003961441178739443,4.563996471128973e-06,174,174,False
200,20,180,0.1,2000,0.5,3.0,1.5,0.5,0.0007188975155930175,2.896452152309956e-06,169,169,False
200,20,180,0.1,2000,0.5,3.0,1.2000000000000002,0.6,0.0012339385098553122,7.071129084768081e-06,162,162,False
200,20,180,0.1,2000,0.5,3.0,0.9000000000000001,0.7,0.0020614470869517107,1.8756445125442634e-05,150,150,False
200,20,180,0.1,2000,0.5,3.0,0.5999999999999999,0.8,0.0034589890757601126,5.3544607873259366e-05,126,126,False
200,40,160,0.2,2000,0.05,3.0,2.7,0.1,4.190133494414577e-06,1.710701379302048e-05,200,200,False
200,40,160,0.2,2000,0.05,3.0,2.4000000000000004,0.2,4.643408538194949e-06,3.0735459448547394e-05,200,200,False
200,40,160,0.2,2000,0.05,3.0,2.0999999999999996,0.3,5.3063065523079045e-06,1.79329020488932e-05,200,200,False
200,40,160,0.2,2000,0.05,3.0,1.7999999999999998,0.4,8.714987290764711e-06,1.3378615854517043e-05,200,200,False
200,40,160,0.2,2000,0.05,3.0,1.5,0.5,1.5242297074965702e-05,1.4906890038567715e-05,200,200,False
200,40,160,0.2,2000,0.05,3.0,1.2000000000000002,0.6,3.094051603747677e-05,4.3440980056254275e-05,200,200,False
200,40,160,0.2,2000,0.05,3.0,0.9000000000000001,0.7,5.464494977033959e-05,3.232406051278427e-05,200,200,False
200,40,160,0.2,2000,0.05,3.0,0.5999999999999999,0.8,0.00011965877163504484,1.3994794753912417e-05,200,200,False
200,40,160,0.2,2000,0.1,3.0,2.7,0.1,2.482433047915067e-06,4.208211175989631e-06,200,200,False
200,40,160,0.2,2000,0.1,3.0,2.4000000000000004,0.2,8.325082929923344e-06,4.312649685459901e-06,200,200,False
200,40,160,0.2,2000,0.1,3.0,2.0999999999999996,0.3,2.0246741465296952e-05,7.566328736278545e-06,200,200,False
200,40,160,0.2,2000,0.1,3.0,1.7999999999999998,0.4,4.102921333722087e-05,2.5499917551975677e-05,200,200,False
200,40,160,0.2,2000,0.1,3.0,1.5,0.5,7.399804096426543e-05,2.315338028144732e-05,199,199,False
200,40,160,0.2,2000,0.1,3.0,1.2000000000000002,0.6,0.00013352564582048943,2.3801053233177126e-06,199,199,False
200,40,160,0.2,2000,0.1,3.0,0.9000000000000001,0.7,0.00021671717702356264,4.061776543931672e-06,199,199,False
200,40,160,0.2,2000,0.1,3.0,0.5999999999999999,0.8,0.00044422141882227446,2.472967801733695e-06,198,198,False
200,40,160,0.2,2000,0.2,3.0,2.7,0.1,6.9752904338768115e-06,2.4527507290966854e-06,198,198,False
200,40,160,0.2,2000,0.2,3.0,2.4000000000000004,0.2,2.5139037452904904e-05,7.136255879505406e-06,197,197,False
200,40,160,0.2,2000,0.2,3.0,2.0999999999999996,0.3,6.445398242858636e-05,1.0560760831644405e-06,197,197,False
200,40,160,0.2,2000,0.2,3.0,1.7999999999999998,0.4,0.00013752753589195638,1.8640848961436745e-06,197,197,False
200,40,160,0.2,2000,0.2,3.0,1.5,0.5,0.0002507744028056617,1.3941139479493763e-06,196,196,False
200,40,160,0.2,2000,0.2,3.0,1.2000000000000002,0.6,0.00045701038211861484,2.515940627468196e-06,195,195,False
200,40,160,0.2,2000,0.2,3.0,0.9000000000000001,0.7,0.0008121930638342341,8.57758959523313e-06,193,193,False
200,40,160,0.2,2000,0.2,3.0,0.5999999999999999,0.8,0.0014971055889454062,9.374044767177897e-06,190,190,False
200,40,160,0.2,2000,0.5,3.0,2.7,0.1,3.148327674399568e-05,4.275623791994489e-07,183,183,False
200,40,160,0.2,2000,0.5,3.0,2.4000000000000004,0.2,0.00014126521995382404,3.7710006591734477e-06,181,181,False
200,40,160,0.2,2000,0.5,3.0,2.0999999999999996,0.3,0.0003584896925131788,1.4997735991549277e-06,178,179,True
200,40,160,0.2,2000,0.5,3.0,1.7999999999999998,0.4,0.0007380828687606963,3.170199666983697e-06,175,175,False
200,40,160,0.2,2000,0.5,3.0,1.5,0.5,0.0013568992165732404,7.897053852535033e-06,171,171,False
200,40,160,0.2,2000,0.5,3.0,1.2000000000000002,0.6,0.0023550881925327918,2.441540330467438e-05,165,165,False
200,40,160,0.2,2000,0.5,3.0,0.9000000000000001,0.7,0.00397861635677915,6.80866786540948e-05,154,154,False
200,40,160,0.2,2000,0.5,3.0,0.5999999999999999,0.8,0.006753557334420258,0.00019012932335024885,132,132,False
200,100,100,0.5,2000,0.05,3.0,2.7,0.1,6.1952740215975854e-06,2.9281547275084896e-05,200,200,False
200,100,100,0.5,2000,0.05,3.0,2.4000000000000004,0.2,5.984323166990458e-06,3.340977563087897e-05,200,200,False
200,100,100,0.5,2000,0.05,3.0,2.0999999999999996,0.3,7.295317159622394e-06,2.603395595664013e-05,200,200,False
200,100,100,0.5,2000,0.05,3.0,1.7999999999999998,0.4,1.2948912077828667e-05,2.071503599145844e-05,200,200,False
200,100,100,0.5,2000,0.05,3.0,1.5,0.5,2.5473212987970825e-05,2.9068159137443698e-05,200,200,False
200,100,100,0.5,2000,0.05,3.0,1.2000000000000002,0.6,4.943965727857019e-05,1.9188643959287536e-05,200,200,False
200,100,100,0.5,2000,0.05,3.0,0.9000000000000001,0.7,0.00010115098510424247,2.6399049737947945e-05,200,200,False
200,100,100,0.5,2000,0.05,3.0,0.5999999999999999,0.8,0.0002262870065166051,2.1471180141953554e-05,200,200,False
200,100,100,0.5,2000,0.1,3.0,2.7,0.1,3.975147635396775e-06,7.2513492699355575e-06,200,200,False
200,100,100,0.5,2000,0.1,3.0,2.4000000000000004,0.2,1.3362829202824729e-05,8.82208278147554e-06,200,200,False
200,100,100,0.5,2000,0.1,3.0,2.0999999999999996,0.3,3.292837063191469e-05,2.282446657798873e-05,200,200,False
200,100,100,0.5,2000,0.1,3.0,1.7999999999999998,0.4,7.26388688014716e-05,3.301504896418509e-05,200,200,False
200,100,100,0.5,2000,0.1,3.0,1.5,0.5,0.00014205034677108354,1.9919553172375494e-05,200,200,False
200,100,100,0.5,2000,0.1,3.0,1.2000000000000002,0.6,0.0002617989041476393,4.77093055133712e-06,199,199,False
200,100,100,0.5,2000,0.1,3.0,0.9000000000000001,0.7,0.0005012193764274211,9.595090915441173e-06,199,199,False
200,100,100,0.5,2000,0.1,3.0,0.5999999999999999,0.8,0.0009127833456739451,7.395784244506213e-06,199,199,False
200,100,100,0.5,2000,0.2,3.0,2.7,0.1,9.178272215050833e-06,8.758735068927928e-08,198,198,False
200,100,100,0.5,2000,0.2,3.0,2.4000000000000004,0.2,4.263868038546217e-05,6.855473609811443e-06,198,198,False
200,100,100,0.5,2000,0.2,3.0,2.0999999999999996,0.3,0.00011163931229160595,6.188174574839815e-07,197,197,False
200,100,100,0.5,2000,0.2,3.0,1.7999999999999998,0.4,0.00024066132735371323,9.431066325649511e-07,197,197,False
200,100,100,0.5,2000,0.2,3.0,1.5,0.5,0.0004904607347407702,5.620804844212277e-06,197,197,False
200,100,100,0.5,2000,0.2,3.0,1.2000000000000002,0.6,0.0009059328671246619,7.832318086244753e-06,196,196,False
200,100,100,0.5,2000,0.2,3.0,0.9000000000000001,0.7,0.0017073753651433788,1.3474838520284644e-05,195,195,False
200,100,100,0.5,2000,0.2,3.0,0.5999999999999999,0.8,0.003353014199336304,4.592356569533449e-05,193,193,False
200,100,100,0.5,2000,0.5,3.0,2.7,0.1,5.1923689938780746e-05,5.178072340579951e-06,183,183,False
200,100,100,0.5,2000,0.5,3.0,2.4000000000000004,0.2,0.00023368090460716156,6.812774416294795e-06,182,182,False
200,100,100,0.5,2000,0.5,3.0,2.0999999999999996,0.3,0.0006244720809855688,1.3119235214091572e-05,181,181,False
200,100,100,0.5,2000,0.5,3.0,1.7999999999999998,0.4,0.0013507909887537518,1.4830381062020499e-05,179,179,False
200,100,100,0.5,2000,0.5,3.0,1.5,0.5,0.002598543940080616,2.938980696413183e-05,176,176,False
200,100,100,0.5,2000,0.5,3.0,1.2000000000000002,0.6,0.004764235043392221,9.480083617433206e-05,172,172,False
200,100,100,0.5,2000,0.5,3.0,0.9000000000000001,0.7,0.00849774802602803,0.00029751673753156425,165,165,False
200,100,100,0.5,2000,0.5,3.0,0.5999999999999999,0.8,0.015184075454608202,0.0009430865101221828,152,152,False
200,160,40,0.8,2000,0.05,3.0,2.7,0.1,4.409710545966172e-06,2.2463352589594604e-05,200,200,False
200,160,40,0.8,2000,0.05,3.0,2.4000000000000004,0.2,5.182442445130289e-06,3.4832858753990005e-05,200,200,False
200,160,40,0.8,2000,0.05,3.0,2.0999999999999996,0.3,5.595779650368303e-06,2.4455000469256485e-05,200,200,False
200,160,40,0.8,2000,0.05,3.0,1.7999999999999998,0.4,1.0884705658482235e-05,3.6431538978672664e-05,200,200,False
200,160,40,0.8,2000,0.05,3.0,1.5,0.5,1.9217669724485046e-05,3.704841525669464e-05,200,200,False
200,160,40,0.8,2000,0.05,3.0,1.2000000000000002,0.6,3.7534614168096246e-05,4.4910646724275467e-05,200,200,False
200,160,40,0.8,2000,0.05,3.0,0.9000000000000001,0.7,7.803387209997549e-05,2.337245550686708e-05,200,200,False
200,160,40,0.8,2000,0.05,3.0,0.5999999999999999,0.8,0.00019772101242092333,2.1284165628737194e-05,200,200,False
200,160,40,0.8,2000,0.1,3.0,2.7,0.1,3.3579210711024744e-06,1.2150151452235387e-05,200,200,False
200,160,40,0.8,2000,0.1,3.0,2.4000000000000004,0.2,1.0282712902274019e-05,2.1790765425108674e-05,200,200,False
200,160,40,0.8,2000,0.1,3.0,2.0999999999999996,0.3,2.4535051475175693e-05,1.8940856422933024e-05,200,200,False
200,160,40,0.8,2000,0.1,3.0,1.7999999999999998,0.4,5.298910283919791e-05,3.802938610290826e-05,200,200,False
200,160,40,0.8,2000,0.1,3.0,1.5,0.5,0.00011145758233750344,2.5199951057039045e-05,200,200,False
200,160,40,0.8,2000,0.1,3.0,1.2000000000000002,0.6,0.0002284329558355086,1.07585929299226e-05,200,200,False
200,160,40,0.8,2000,0.1,3.0,0.9000000000000001,0.7,0.00047981447405977436,3.622051769946581e-05,200,200,False
200,160,40,0.8,2000,0.1,3.0,0.5999999999999999,0.8,0.0010838828091233113,3.8514046214583597e-05,199,199,False
200,160,40,0.8,2000,0.2,3.0,2.7,0.1,6.242351836324017e-06,5.463914707701767e-06,198,198,False
200,160,40,0.8,2000,0.2,3.0,2.4000000000000004,0.2,2.9503238802530002e-05,8.513196684200105e-06,198,198,False
200,160,40,0.8,2000,0.2,3.0,2.0999999999999996,0.3,8.270222272803787e-05,5.903049230146023e-06,198,198,False
200,160,40,0.8,2000,0.2,3.0,1.7999999999999998,0.4,0.00018887340409149377,6.569408245197088e-06,198,198,False
200,160,40,0.8,2000,0.2,3.0,1.5,0.5,0.0003875613681281684,7.2986811415010905e-06,197,197,False
200,160,40,0.8,2000,0.2,3.0,1.2000000000000002,0.6,0.0007724417130889026,4.3370929042332e-06,197,197,False
200,160,40,0.8,2000,0.2,3.0,0.9000000000000001,0.7,0.001676815099892896,1.941126273146401e-05,197,197,False
200,160,40,0.8,2000,0.2,3.0,0.5999999999999999,0.8,0.003619406804463071,6.192058012050635e-05,196,196,False
200,160,40,0.8,2000,0.5,3.0,2.7,0.1,3.530744611006517e-05,1.375731776503847e-05,184,184,False
200,160,40,0.8,2000,0.5,3.0,2.4000000000000004,0.2,0.00016423521560276263,1.0059691514483531e-05,183,183,False
200,160,40,0.8,2000,0.5,3.0,2.0999999999999996,0.3,0.00045651265624043445,2.3312678777781517e-06,183,183,False
200,160,40,0.8,2000,0.5,3.0,1.7999999999999998,0.4,0.00104275254492697,2.0171547066885584e-05,182,182,False
200,160,40,0.8,2000,0.5,3.0,1.5,0.5,0.0021668344465181283,3.160423390704364e-05,181,181,False
200,160,40,0.8,2000,0.5,3.0,1.2000000000000002,0.6,0.004331464080520194,9.27041861017638e-05,179,179,False
200,160,40,0.8,2000,0.5,3.0,0.9000000000000001,0.7,0.008682792608174263,0.0003185003677039791,177,177,False
200,160,40,0.8,2000,0.5,3.0,0.5999999999999999,0.8,0.017882870535911734,0.0012985948332469412,171,172,True
200,180,20,0.9,2000,0.05,3.0,2.7,0.1,2.926291436288614e-06,9.68601171539846e-06,200,200,False
200,180,20,0.9,2000,0.05,3.0,2.4000000000000004,0.2,4.657280596013363e-06,2.493640783471949e-05,200,200,False
200,180,20,0.9,2000,0.05,3.0,2.0999999999999996,0.3,5.632250072230491e-06,3.557694455896677e-05,200,200,False
200,180,20,0.9,2000,0.05,3.0,1.7999999999999998,0.4,8.773602681914038e-06,3.682140294811719e-05,200,200,False
200,180,20,0.9,2000,0.05,3.0,1.5,0.5,1.2301572069307876e-05,2.7694766515156316e-05,200,200,False
200,180,20,0.9,2000,0.05,3.0,1.2000000000000002,0.6,2.4269045687869443e-05,3.8693689049365495e-05,200,200,False
200,180,20,0.9,2000,0.05,3.0,0.9000000000000001,0.7,4.9642034006073914e-05,4.7946359108465815e-05,200,200,False
200,180,20,0.9,2000,0.05,3.0,0.5999999999999999,0.8,0.0001250705420635309,3.336933180423147e-05,200,200,False
200,180,20,0.9,2000,0.1,3.0,2.7,0.1,2.333676476486135e-06,9.128183609576329e-06,200,200,False
200,180,20,0.9,2000,0.1,3.0,2.4000000000000004,0.2,6.716907840301257e-06,1.7711756340757474e-05,200,200,False
200,180,20,0.9,2000,0.1,3.0,2.0999999999999996,0.3,1.4873910630316262e-05,1.8601817518881726e-05,200,200,False
200,180,20,0.9,2000,0.1,3.0,1.7999999999999998,0.4,3.25725554083979e-05,2.2735004483500422e-05,200,200,False
200,180,20,0.9,2000,0.1,3.0,1.5,0.5,6.709155985374846e-05,4.335571479892137e-05,200,200,False
200,180,20,0.9,2000,0.1,3.0,1.2000000000000002,0.6,0.0001423659571620304,4.6287842067976924e-05,200,200,False
200,180,20,0.9,2000,0.1,3.0,0.9000000000000001,0.7,0.00031461090382107343,4.96430192733191e-05,200,200,False
200,180,20,0.9,2000,0.1,3.0,0.5999999999999999,0.8,0.0007860975921539105,1.6657378625704177e-05,200,200,False
200,180,20,0.9,2000,0.2,3.0,2.7,0.1,4.100129434834315e-06,1.7298923264570264e-06,198,198,False
200,180,20,0.9,2000,0.2,3.0,2.4000000000000004,0.2,1.717443365144701e-05,7.683174305619181e-06,198,198,False
200,180,20,0.9,2000,0.2,3.0,2.0999999999999996,0.3,4.908308297024342e-05,2.0803262643541875e-06,198,198,False
200,180,20,0.9,2000,0.2,3.0,1.7999999999999998,0.4,0.00011471024563700213,3.7737995103122175e-06,198,198,False
200,180,20,0.9,2000,0.2,3.0,1.5,0.5,0.00024555094466407676,3.956393015362584e-06,198,198,False
200,180,20,0.9,2000,0.2,3.0,1.2000000000000002,0.6,0.0005137149769300092,1.8721183955077653e-06,198,198,False
200,180,20,0.9,2000,0.2,3.0,0.9000000000000001,0.7,0.0010773581736208803,7.229291700045858e-06,197,197,False
200,180,20,0.9,2000,0.2,3.0,0.5999999999999999,0.8,0.002766978154330551,3.756007134062029e-05,197,197,False
200,180,20,0.9,2000,0.5,3.0,2.7,0.1,2.060359848433382e-05,6.475960606990336e-06,184,184,False
200,180,20,0.9,2000,0.5,3.0,2.4000000000000004,0.2,9.645577445152251e-05,1.5743815949493103e-05,184,184,False
200,180,20,0.9,2000,0.5,3.0,2.0999999999999996,0.3,0.00027097248048144973,1.3855368266666462e-05,183,183,False
200,180,20,0.9,2000,0.5,3.0,1.7999999999999998,0.4,0.0006296463591011076,1.7031357245563173e-05,183,183,False
200,180,20,0.9,2000,0.5,3.0,1.5,0.5,0.0013557466335969138,8.442980299447298e-06,182,182,False
200,180,20,0.9,2000,0.5,3.0,1.2000000000000002,0.6,0.002829473394821116,3.6278331486884194e-05,182,182,False
200,180,20,0.9,2000,0.5,3.0,0.9000000000000001,0.7,0.006106202121812697,0.00017046670070932306,180,180,False
200,180,20,0.9,2000,0.5,3.0,0.5999999999999999,0.8,0.014114668676822047,0.0008101412354149944,178,178,False
200,190,10,0.95,2000,0.05,3.0,2.7,0.1,2.769650014222691e-06,8.489277077942593e-06,200,200,False
200,190,10,0.95,2000,0.05,3.0,2.4000000000000004,0.2,2.898518966461261e-06,1.328511286710841e-05,200,200,False
200,190,10,0.95,2000,0.05,3.0,2.0999999999999996,0.3,4.0319865019650125e-06,2.0120677256764515e-05,200,200,False
200,190,10,0.95,2000,0.05,3.0,1.7999999999999998,0.4,6.196274599811619e-06,3.344725562038308e-05,200,200,False
200,190,10,0.95,2000,0.05,3.0,1.5,0.5,9.096610463336235e-06,3.77796536038193e-05,200,200,False
200,190,10,0.95,2000,0.05,3.0,1.2000000000000002,0.6,1.5494442974821332e-05,4.3481324102557284e-05,200,200,False
200,190,10,0.95,2000,0.05,3.0,0.9000000000000001,0.7,2.8896058993164997e-05,3.606983363161101e-05,200,200,False
200,190,10,0.95,2000,0.05,3.0,0.5999999999999999,0.8,7.136624010033871e-05,3.2027863891525336e-05,200,200,False
200,190,10,0.95,2000,0.1,3.0,2.7,0.1,1.3547547097203516e-06,4.370771124020168e-06,200,200,False
200,190,10,0.95,2000,0.1,3.0,2.4000000000000004,0.2,4.2149533795270144e-06,1.0912753694587223e-05,200,200,False
200,190,10,0.95,2000,0.1,3.0,2.0999999999999996,0.3,9.285148367158338e-06,2.3301292803128385e-05,200,200,False
200,190,10,0.95,2000,0.1,3.0,1.7999999999999998,0.4,1.884727764469088e-05,2.544639633722556e-05,200,200,False
200,190,10,0.95,2000,0.1,3.0,1.5,0.5,3.819423807694842e-05,2.2975000075006583e-05,200,200,False
200,190,10,0.95,2000,0.1,3.0,1.2000000000000002,0.6,7.9169161638009e-05,4.298479813296878e-05,200,200,False
200,190,10,0.95,2000,0.1,3.0,0.9000000000000001,0.7,0.00017986649318515926,1.833803023498302e-05,200,200,False
200,190,10,0.95,2000,0.1,3.0,0.5999999999999999,0.8,0.00047223075801814475,1.8829436115934668e-05,200,200,False
200,190,10,0.95,2000,0.2,3.0,2.7,0.1,2.206603120459647e-06,8.369062314725351e-06,198,198,False
200,190,10,0.95,2000,0.2,3.0,2.4000000000000004,0.2,9.231421151148847e-06,1.7595382192010516e-06,198,198,False
200,190,10,0.95,2000,0.2,3.0,2.0999999999999996,0.3,2.6432014085378108e-05,8.217273909092688e-06,198,198,False
200,190,10,0.95,2000,0.2,3.0,1.7999999999999998,0.4,6.26089020289676e-05,1.952786522131563e-06,198,198,False
200,190,10,0.95,2000,0.2,3.0,1.5,0.5,0.00013632873064948342,1.0618172089544142e-06,198,198,False
200,190,10,0.95,2000,0.2,3.0,1.2000000000000002,0.6,0.0002950444070939119,2.136690112477662e-06,198,198,False
200,190,10,0.95,2000,0.2,3.0,0.9000000000000001,0.7,0.0006629856283926201,3.7965893063728234e-06,198,198,False
200,190,10,0.95,2000,0.2,3.0,0.5999999999999999,0.8,0.0016444824615439169,1.4051673907689062e-05,197,197,False
200,190,10,0.95,2000,0.5,3.0,2.7,0.1,1.12746675390539e-05,5.161895224717601e-06,184,184,False
200,190,10,0.95,2000,0.5,3.0,2.4000000000000004,0.2,5.236285279952568e-05,1.5150486179915046e-05,184,184,False
200,190,10,0.95,2000,0.5,3.0,2.0999999999999996,0.3,0.0001478558627264412,1.803505886290667e-05,184,184,False
200,190,10,0.95,2000,0.5,3.0,1.7999999999999998,0.4,0.0003472265780869021,1.4493398753018911e-05,184,184,False
200,190,10,0.95,2000,0.5,3.0,1.5,0.5,0.0007566703853154506,2.985990391151542e-06,183,183,False
200,190,10,0.95,2000,0.5,3.0,1.2000000000000002,0.6,0.0016322735071387785,2.8618871110012885e-05,183,183,False
200,190,10,0.95,2000,0.5,3.0,0.9000000000000001,0.7,0.0036813698451800686,7.514647333729648e-05,182,182,False
200,190,10,0.95,2000,0.5,3.0,0.5999999999999999,0.8,0.00923879694188849,0.0003744171505048527,181,181,False
